Workbook

Sheet home
M11: a

Sheet chart of account
A3: زمارة | B3: دليل الحساب
A4: 1 | B4: موجودات المتداولة
A5: 11 | B5: صندوق
A6: 12 | B6: البنك
A7: 13 | B7: المدينون
A8: 14 | B8: زبائن
A9: 15 | B9: بضاعة اول مدة

Sheet دفتر استاذ
D1: كود | E1: اسم الحساب
D2: 13 | E2: =VLOOKUP('دفتر استاذ'!D2,'chart of account'!A:B,2,FALSE) -> المدينون | F2: =E3=F3 -> TRUE
F3: =SUM(F6:F1300) -> 0 | G3: =SUM(G6:G1300) -> 0
F4: اجمالي
A5: رقم الوصل | B5: تاريخ | C5: البيانات | D5: كود | E5: اسم الحساب | F5: مدين | G5: دائن
D6: 13 | E6: =VLOOKUP('دفتر استاذ'!D6,'chart of account'!A:B,2,FALSE) -> المدينون
E7: =VLOOKUP('دفتر استاذ'!D7,'chart of account'!A:B,2,FALSE) -> #N/A
E8: =VLOOKUP('دفتر استاذ'!D8,'chart of account'!A:B,2,FALSE) -> #N/A
D9: 12 | E9: =VLOOKUP('دفتر استاذ'!D9,'chart of account'!A:B,2,FALSE) -> البنك
E10: =VLOOKUP('دفتر استاذ'!D10,'chart of account'!A:B,2,FALSE) -> #N/A
D11: 11 | E11: =VLOOKUP('دفتر استاذ'!D11,'chart of account'!A:B,2,FALSE) -> صندوق
E12: =VLOOKUP('دفتر استاذ'!D12,'chart of account'!A:B,2,FALSE) -> #N/A
E13: =VLOOKUP('دفتر استاذ'!D13,'chart of account'!A:B,2,FALSE) -> #N/A
E14: =VLOOKUP('دفتر استاذ'!D14,'chart of account'!A:B,2,FALSE) -> #N/A
E15: =VLOOKUP('دفتر استاذ'!D15,'chart of account'!A:B,2,FALSE) -> #N/A
E16: =VLOOKUP('دفتر استاذ'!D16,'chart of account'!A:B,2,FALSE) -> #N/A

Sheet ميزانية مراجعة
C4: بالجاميع | E4: بارصيدة
A5: كود | B5: اسم الحساب | C5: مدين | D5: دائن | E5: مدين | F5: دائن
A6: ='chart of account'!A4 -> 1 | B6: =VLOOKUP(A6,'chart of account'!A:B,2,FALSE) -> موجودات المتداولة | C6: =SUMIF('قيد افتتاحي و قيود اليومية'!E:E,'ميزانية مراجعة'!B7,'قيد افتتاحي و قيود اليومية'!F:F) -> 0 | D6: =SUMIF('قيد افتتاحي و قيود اليومية'!E:E,'ميزانية مراجعة'!B7,'قيد افتتاحي و قيود اليومية'!G:G) -> 0
A7: ='chart of account'!A5 -> 11 | B7: =VLOOKUP(A7,'chart of account'!A:B,2,FALSE) -> صندوق | C7: =SUMIF('قيد افتتاحي و قيود اليومية'!E:E,'ميزانية مراجعة'!B8,'قيد افتتاحي و قيود اليومية'!F:F) -> 0 | D7: =SUMIF('قيد افتتاحي و قيود اليومية'!E:E,'ميزانية مراجعة'!B8,'قيد افتتاحي و قيود اليومية'!G:G) -> 0
A8: ='chart of account'!A6 -> 12 | B8: =VLOOKUP(A8,'chart of account'!A:B,2,FALSE) -> البنك | C8: =SUMIF('قيد افتتاحي و قيود اليومية'!E:E,'ميزانية مراجعة'!B9,'قيد افتتاحي و قيود اليومية'!F:F) -> 0 | D8: =SUMIF('قيد افتتاحي و قيود اليومية'!E:E,'ميزانية مراجعة'!B9,'قيد افتتاحي و قيود اليومية'!G:G) -> 0
A9: ='chart of account'!A7 -> 13 | B9: =VLOOKUP(A9,'chart of account'!A:B,2,FALSE) -> المدينون | C9: =SUMIF('قيد افتتاحي و قيود اليومية'!E:E,'ميزانية مراجعة'!B10,'قيد افتتاحي و قيود اليومية'!F:F) -> 0 | D9: =SUMIF('قيد افتتاحي و قيود اليومية'!E:E,'ميزانية مراجعة'!B10,'قيد افتتاحي و قيود اليومية'!G:G) -> 0
A10: ='chart of account'!A8 -> 14 | B10: =VLOOKUP(A10,'chart of account'!A:B,2,FALSE) -> زبائن | C10: =SUMIF('قيد افتتاحي و قيود اليومية'!E:E,'ميزانية مراجعة'!B11,'قيد افتتاحي و قيود اليومية'!F:F) -> 0 | D10: =SUMIF('قيد افتتاحي و قيود اليومية'!E:E,'ميزانية مراجعة'!B11,'قيد افتتاحي و قيود اليومية'!G:G) -> 0
A11: ='chart of account'!A9 -> 15 | B11: =VLOOKUP(A11,'chart of account'!A:B,2,FALSE) -> بضاعة اول مدة | C11: =SUMIF('قيد افتتاحي و قيود اليومية'!E:E,'ميزانية مراجعة'!B12,'قيد افتتاحي و قيود اليومية'!F:F) -> 0 | D11: =SUMIF('قيد افتتاحي و قيود اليومية'!E:E,'ميزانية مراجعة'!B12,'قيد افتتاحي و قيود اليومية'!G:G) -> 0
A12: ='chart of account'!A10 -> 0 | B12: =VLOOKUP(A12,'chart of account'!A:B,2,FALSE) -> #N/A | C12: =SUMIF('قيد افتتاحي و قيود اليومية'!E:E,'ميزانية مراجعة'!B13,'قيد افتتاحي و قيود اليومية'!F:F) -> 0 | D12: =SUMIF('قيد افتتاحي و قيود اليومية'!E:E,'ميزانية مراجعة'!B13,'قيد افتتاحي و قيود اليومية'!G:G) -> 0
A13: ='chart of account'!A11 -> 0 | B13: =VLOOKUP(A13,'chart of account'!A:B,2,FALSE) -> #N/A | C13: =SUMIF('قيد افتتاحي و قيود اليومية'!E:E,'ميزانية مراجعة'!B14,'قيد افتتاحي و قيود اليومية'!F:F) -> 0 | D13: =SUMIF('قيد افتتاحي و قيود اليومية'!E:E,'ميزانية مراجعة'!B14,'قيد افتتاحي و قيود اليومية'!G:G) -> 0
A14: ='chart of account'!A12 -> 0 | B14: =VLOOKUP(A14,'chart of account'!A:B,2,FALSE) -> #N/A | C14: =SUMIF('قيد افتتاحي و قيود اليومية'!E:E,'ميزانية مراجعة'!B15,'قيد افتتاحي و قيود اليومية'!F:F) -> 0 | D14: =SUMIF('قيد افتتاحي و قيود اليومية'!E:E,'ميزانية مراجعة'!B15,'قيد افتتاحي و قيود اليومية'!G:G) -> 0
A15: ='chart of account'!A13 -> 0 | B15: =VLOOKUP(A15,'chart of account'!A:B,2,FALSE) -> #N/A | C15: =SUMIF('قيد افتتاحي و قيود اليومية'!E:E,'ميزانية مراجعة'!B16,'قيد افتتاحي و قيود اليومية'!F:F) -> 0 | D15: =SUMIF('قيد افتتاحي و قيود اليومية'!E:E,'ميزانية مراجعة'!B16,'قيد افتتاحي و قيود اليومية'!G:G) -> 0

Sheet قيد افتتاحي و قيود اليومية
F2: =E3=F3 -> TRUE
F3: =SUM(F6:F1300) -> 0 | G3: =SUM(G6:G1300) -> 0
F4: اجمالي
A5: رقم الوصل | B5: تاريخ | C5: البيانات | D5: كود | E5: اسم الحساب | F5: مدين | G5: دائن
D6: 13 | E6: =VLOOKUP('قيد افتتاحي و قيود اليومية'!D6,'chart of account'!A:B,2,FALSE) -> المدينون
E7: =VLOOKUP('قيد افتتاحي و قيود اليومية'!D7,'chart of account'!A:B,2,FALSE) -> #N/A
E8: =VLOOKUP('قيد افتتاحي و قيود اليومية'!D8,'chart of account'!A:B,2,FALSE) -> #N/A
D9: 12 | E9: =VLOOKUP('قيد افتتاحي و قيود اليومية'!D9,'chart of account'!A:B,2,FALSE) -> البنك
E10: =VLOOKUP('قيد افتتاحي و قيود اليومية'!D10,'chart of account'!A:B,2,FALSE) -> #N/A
D11: 11 | E11: =VLOOKUP('قيد افتتاحي و قيود اليومية'!D11,'chart of account'!A:B,2,FALSE) -> صندوق
E12: =VLOOKUP('قيد افتتاحي و قيود اليومية'!D12,'chart of account'!A:B,2,FALSE) -> #N/A
E13: =VLOOKUP('قيد افتتاحي و قيود اليومية'!D13,'chart of account'!A:B,2,FALSE) -> #N/A
E14: =VLOOKUP('قيد افتتاحي و قيود اليومية'!D14,'chart of account'!A:B,2,FALSE) -> #N/A
E15: =VLOOKUP('قيد افتتاحي و قيود اليومية'!D15,'chart of account'!A:B,2,FALSE) -> #N/A
E16: =VLOOKUP('قيد افتتاحي و قيود اليومية'!D16,'chart of account'!A:B,2,FALSE) -> #N/A
