Workbook

Sheet HOME

Sheet ادارة المشتريات
D1: مصاريف المشتريات | E1: المبلغ
D2: كلفة شحن | E2: 1000
D3: كلفة و نقل و حمالي | E3: 500
D4: كلفة كمركي | E4: 1000
D5: كلفة قبان | E5: 200
D6: اجمالى | E6: =SUM(E2:E5) -> 2700
A10: رقم | B10: اسم منتج | C10: عدد كارتون | D10: القطعة - دانة | E10: الوحدات | F10: سعر كارتون | G10: سعر مجموع كارتون | H10: سعر الوحدة | I10: مجموع مبلغ في الوحدة | J10: كلفة المضافة | K10: المبلغ بعد اضافة | L10: سعر وحدة نهائى
A11: 1 | B11: كةوجك | C11: 1000 | D11: 50 | F11: 10
A12: 2 | B12: جةتال | C12: 1000 | D12: 40 | F12: 20
A13: 3 | B13: جةقو | C13: 500 | D13: 40 | F13: 10
A14: 4 | B14: علبة | C14: 500 | D14: 200 | F14: 10
A15: 5 | B15: سفرة | C15: 1000 | D15: 20 | F15: 20
A16: 6 | B16: محسن غبز | C16: 500 | D16: 2 | F16: 10
A17: 7 | B17: باودر | C17: 500 | D17: 6 | F17: 15
A18: كوي كشتي | C18: =SUM(C11:C17) -> 5000 | D18: =SUM(D11:D17) -> 358 | E18: =SUM(E11:E17) -> 0 | F18: =SUM(F11:F17) -> 95 | G18: =SUM(G11:G17) -> 0 | H18: =SUM(H11:H17) -> 0 | I18: =SUM(I11:I17) -> 0 | J18: =I18*$I$19 -> 0 | K18: =SUM(K11:K17) -> 0 | L18: =SUM(L11:L17) -> 0

Sheet ادارة المبيعات
F3: مصروفاتي بيع
F4: 3000 | G4: ريكلام
F5: 2000 | G5: ايجار مخزن
F6: 1000 | G6: اجور نقل و حمالي
F7: 4000 | G7: رواتب اجور
F8: =SUM(F4:F7) -> 10000 | G8: مجموعى مةصارف بيع
A11: كود | B11: اسم صنف | C11: الوحدات | D11: المبلغ بعد اضافة | E11: سعر وحدة نهائى | F11: مصاريف بيع | G11: مجموع سعر مع مصاريف بيع | H11: سعر بيع قطعة مع مصاريف | I11: قازانجي يةك دانة %25 | J11: كوي نرخي فروشتن یەک دانە | K11: بوختةي قازانجي شمةك | L11: کۆی گشتی فرۆشتنەکان
A19: ='[1]ادارة مشتريات'!A18 -> كوي كشتي | C19: =SUM(C12:C18) -> 0 | D19: =SUM(D12:D18) -> 0 | E19: =SUM(E12:E18) -> 0 | F19: =SUM(F12:F18) -> 0 | G19: =SUM(G12:G18) -> 0 | H19: =SUM(H12:H18) -> 0 | I19: =SUM(I12:I18) -> 0 | J19: =SUM(J12:J18) -> 0 | ... L19: =SUM(L12:L18) -> 0
D20: =F8/D19 -> #DIV/0!

Sheet كود الموظف
B8: رقم | C8: 1
B9: ناو | C9: =VLOOKUP($C$8,'رواتب الموظفين'!A:P,2,FALSE) -> احمد
B11: راتب الاساسي | C11: =VLOOKUP($C$8,'رواتب الموظفين'!A:P,3,FALSE) -> 400000 | D11: ئامادةنةبون
B12: شهادة | C12: =VLOOKUP($C$8,'رواتب الموظفين'!A:P,4,FALSE) -> 200000 | D12: بيمةى كؤمةلَايةتى %12
B13: نقل | C13: =VLOOKUP($C$8,'رواتب الموظفين'!A:P,5,FALSE) -> 0 | D13: بيمةى كؤمةلَايةتى %5
B14: زوجى | C14: =VLOOKUP($C$8,'رواتب الموظفين'!A:P,6,FALSE) -> 0 | D14: تامين صحى
B15: مةترسي | C15: =VLOOKUP($C$8,'رواتب الموظفين'!A:P,7,FALSE) -> 200000 | D15: سلف و اخري
B16: كارى زيادة | C16: =VLOOKUP($C$8,'رواتب الموظفين'!A:P,8,FALSE) -> 5000 | D16: مجموع الاستقتاعات
B17: مجموع مخصصات | C17: =VLOOKUP($C$8,'رواتب الموظفين'!A:P,9,FALSE) -> 405000 | D17: راتب المستحق

Sheet اسم الموظف
A5: كود | B5: ناوى سيانى | C5: برِوانامة | D5: بةروارى لة دايكبوون | E5: ذ/كارتى نيشتمانى | F5: طروبى خويَن | G5: شويَنى كاركردن | H5: ناونيشان | I5: ذ/موبايل | J5: بةروارى دةست بةكاربوون
A6: 1 | B6: احمد | C6: BSC | D6: 40858 | E6: 12123 | F6: O- | G6: MARKETING | H6: IRAQ-KURDISTAN-SULAIMANY | I6: 750 | J6: 22/10/2020
A7: 2 | B7: RAWF
A8: 3 | B8: MAHMUD | C8: DL | D8: 41255 | E8: 123234 | F8: O+ | G8: ACCOUNTING | H8: IRAQ-KURDISTAN-SULAIMANY | I8: 770 | J8: 44512
A9: 4 | B9: Aland

Sheet رواتب الموظفين
D5: =C8/30/8 -> 1666.6667 | E5: 3
D6: مخصصات | J6: ليَبرينةكان
A7: رقم | B7: ناو | C7: راتب الاساسي | D7: شهادة | E7: نقل | F7: زوجى | G7: مةترسي | H7: كارى زيادة | I7: مجموع مخصصات | J7: ئامادةنةبون | K7: بيمةى كؤمةلَايةتى %12 | L7: بيمةى كؤمةلَايةتى %5 | M7: تامين صحى | N7: سلف و اخري | O7: مجموع الاستقتاعات | P7: راتب المستحق | Q7: تيَبينى
A8: 1 | B8: ='اسم الموظف'!B6 -> احمد | C8: 400000 | D8: =C8*0.5 -> 200000 | G8: =C8*0.5 -> 200000 | H8: =D5*E5 -> 5000 | I8: =SUM(D8:H8) -> 405000 | K8: =C8*0.12 -> 48000 | L8: =C8*0.05 -> 20000 | M8: =C8*0.25 -> 100000 | O8: =J8+L8+M8+N8 -> 120000 | P8: =C8+I8-O8 -> 685000
A9: 2 | B9: ='اسم الموظف'!B7 -> RAWF | C9: 500000 | D9: =C9*0.5 -> 250000 | G9: =C9*0.5 -> 250000 | I9: =SUM(D9:H9) -> 500000 | K9: =C9*0.12 -> 60000 | L9: =C9*0.05 -> 25000 | M9: =C9*0.25 -> 125000 | O9: =J9+L9+M9+N9 -> 150000 | P9: =C9+I9-O9 -> 850000
A10: 3 | B10: ='اسم الموظف'!B8 -> MAHMUD | D10: =C10*0.5 -> 0 | G10: =C10*0.5 -> 0 | I10: =SUM(D10:H10) -> 0 | K10: =C10*0.12 -> 0 | L10: =C10*0.05 -> 0 | M10: =C10*0.25 -> 0 | O10: =J10+L10+M10+N10 -> 0 | P10: =C10+I10-O10 -> 0
A11: 4 | B11: ='اسم الموظف'!B9 -> Aland | D11: =C11*0.5 -> 0 | G11: =C11*0.5 -> 0 | I11: =SUM(D11:H11) -> 0 | K11: =C11*0.12 -> 0 | L11: =C11*0.05 -> 0 | M11: =C11*0.25 -> 0 | O11: =J11+L11+M11+N11 -> 0 | P11: =C11+I11-O11 -> 0
A12: 5 | B12: ='اسم الموظف'!B10 -> 0 | D12: =C12*0.5 -> 0 | G12: =C12*0.5 -> 0 | I12: =SUM(D12:H12) -> 0 | K12: =C12*0.12 -> 0 | L12: =C12*0.05 -> 0 | M12: =C12*0.25 -> 0 | O12: =J12+L12+M12+N12 -> 0 | P12: =C12+I12-O12 -> 0
A13: 6 | B13: =IFERROR(VLOOKUP(A13,'اسم الموظف'!A:B,2,FALSE),"") | D13: =C13*0.5 -> 0 | G13: =C13*0.5 -> 0 | I13: =SUM(D13:H13) -> 0 | K13: =C13*0.12 -> 0 | L13: =C13*0.05 -> 0 | M13: =C13*0.25 -> 0 | O13: =J13+L13+M13+N13 -> 0 | P13: =C13+I13-O13 -> 0
A14: 7 | B14: =IFERROR(VLOOKUP(A14,'اسم الموظف'!A:B,2,FALSE),"") | D14: =C14*0.5 -> 0 | G14: =C14*0.5 -> 0 | I14: =SUM(D14:H14) -> 0 | K14: =C14*0.12 -> 0 | L14: =C14*0.05 -> 0 | M14: =C14*0.25 -> 0 | O14: =J14+L14+M14+N14 -> 0 | P14: =C14+I14-O14 -> 0
A15: 8 | B15: =IFERROR(VLOOKUP(A15,'اسم الموظف'!A:B,2,FALSE),"") | D15: =C15*0.5 -> 0 | G15: =C15*0.5 -> 0 | I15: =SUM(D15:H15) -> 0 | K15: =C15*0.12 -> 0 | L15: =C15*0.05 -> 0 | M15: =C15*0.25 -> 0 | O15: =J15+L15+M15+N15 -> 0 | P15: =C15+I15-O15 -> 0
A16: 9 | B16: =IFERROR(VLOOKUP(A16,'اسم الموظف'!A:B,2,FALSE),"") | D16: =C16*0.5 -> 0 | G16: =C16*0.5 -> 0 | I16: =SUM(D16:H16) -> 0 | K16: =C16*0.12 -> 0 | L16: =C16*0.05 -> 0 | M16: =C16*0.25 -> 0 | O16: =J16+L16+M16+N16 -> 0 | P16: =C16+I16-O16 -> 0
A17: 10 | B17: =IFERROR(VLOOKUP(A17,'اسم الموظف'!A:B,2,FALSE),"") | D17: =C17*0.5 -> 0 | G17: =C17*0.5 -> 0 | I17: =SUM(D17:H17) -> 0 | K17: =C17*0.12 -> 0 | L17: =C17*0.05 -> 0 | M17: =C17*0.25 -> 0 | O17: =J17+L17+M17+N17 -> 0 | P17: =C17+I17-O17 -> 0
A18: 11 | B18: =IFERROR(VLOOKUP(A18,'اسم الموظف'!A:B,2,FALSE),"") | D18: =C18*0.5 -> 0 | G18: =C18*0.5 -> 0 | I18: =SUM(D18:H18) -> 0 | K18: =C18*0.12 -> 0 | L18: =C18*0.05 -> 0 | M18: =C18*0.25 -> 0 | O18: =J18+L18+M18+N18 -> 0 | P18: =C18+I18-O18 -> 0
A19: 12 | B19: =IFERROR(VLOOKUP(A19,'اسم الموظف'!A:B,2,FALSE),"") | D19: =C19*0.5 -> 0 | G19: =C19*0.5 -> 0 | I19: =SUM(D19:H19) -> 0 | K19: =C19*0.12 -> 0 | L19: =C19*0.05 -> 0 | M19: =C19*0.25 -> 0 | O19: =J19+L19+M19+N19 -> 0 | P19: =C19+I19-O19 -> 0
A20: TOTAL | C20: =SUM(C8:C19) -> 900000 | D20: =SUM(D8:D19) -> 450000 | E20: =SUM(E8:E19) -> 0 | F20: =SUM(F8:F19) -> 0 | G20: =SUM(G8:G19) -> 450000 | H20: =SUM(H8:H19) -> 5000 | I20: =SUM(I8:I19) -> 905000 | J20: =SUM(J8:J19) -> 0 | L20: =SUM(L8:L19) -> 45000 | M20: =SUM(M8:M19) -> 225000 | N20: =SUM(N8:N19) -> 0 | O20: =SUM(O8:O19) -> 270000 | P20: =SUM(P8:P19) -> 1535000

Sheet رواتب موضفين
D3: =C6/30 -> 13333.333 | E3: =D3/8 -> 1666.6667 | F3: ماسات | G3: 3 | H3: =E3*G3 -> 5000 | J3: 2 | K3: =D3*J3 -> 26666.667
A4: رقم | B4: ناو | C4: راتب اصاصي | D4: شهادة | E4: نقل | F4: مة ترسي | G4: كاري زيادة | H4: مجموع مخصصات | J4: ئامادة نة بوون | K4: بيمة ي كومة لاية تي | M4: تامين صحي | N4: سلف و اخري | O4: مجموع استقتاعات | Q4: راتب مستحق | R4: تيبيني
K5: 0.12 | L5: 0.05
A6: 1 | B6: =VLOOKUP(A6,'اسم الموظف'!A:B,2,FALSE) -> احمد | C6: 400000 | D6: =C6*0.5 -> 200000 | F6: =C6*0.75 -> 300000 | G6: =H3 -> 5000 | I6: =SUM(D6:G6) -> 505000 | K6: =C6*0.12 -> 48000 | L6: =C6*0.05 -> 20000 | M6: =C6*0.25 -> 100000 | O6: =J6+L6+M6 -> 120000 | Q6: =C6+I6-O6 -> 785000
A7: 2 | B7: =VLOOKUP(A7,'اسم الموظف'!A:B,2,FALSE) -> RAWF | C7: 500000 | D7: =C7*0.5 -> 250000 | F7: =C7*0.75 -> 375000 | L7: =C7*0.05 -> 25000 | O7: =J7+L7+M7 -> 25000 | Q7: =C7+I7-O7 -> 475000
A8: 3 | B8: =VLOOKUP(A8,'اسم الموظف'!A:B,2,FALSE) -> MAHMUD | D8: =C8*0.5 -> 0 | F8: =C8*0.75 -> 0 | L8: =C8*0.05 -> 0 | O8: =J8+L8+M8 -> 0 | Q8: =C8+I8-O8 -> 0
A9: 4 | B9: =VLOOKUP(A9,'اسم الموظف'!A:B,2,FALSE) -> Aland | D9: =C9*0.5 -> 0 | F9: =C9*0.75 -> 0 | L9: =C9*0.05 -> 0 | O9: =J9+L9+M9 -> 0 | Q9: =C9+I9-O9 -> 0
A10: 5 | B10: =VLOOKUP(A10,'اسم الموظف'!A:B,2,FALSE) -> #N/A | D10: =C10*0.5 -> 0 | F10: =C10*0.75 -> 0 | L10: =C10*0.05 -> 0 | O10: =J10+L10+M10 -> 0 | Q10: =C10+I10-O10 -> 0
B11: =VLOOKUP(A11,'اسم الموظف'!A:B,2,FALSE) -> #N/A | D11: =C11*0.5 -> 0 | F11: =C11*0.75 -> 0 | L11: =C11*0.05 -> 0 | O11: =J11+L11+M11 -> 0 | Q11: =C11+I11-O11 -> 0
B12: =VLOOKUP(A12,'اسم الموظف'!A:B,2,FALSE) -> #N/A | D12: =C12*0.5 -> 0 | F12: =C12*0.75 -> 0 | L12: =C12*0.05 -> 0 | O12: =J12+L12+M12 -> 0 | Q12: =C12+I12-O12 -> 0
B13: =VLOOKUP(A13,'اسم الموظف'!A:B,2,FALSE) -> #N/A | D13: =C13*0.5 -> 0 | F13: =C13*0.75 -> 0 | L13: =C13*0.05 -> 0 | O13: =J13+L13+M13 -> 0 | Q13: =C13+I13-O13 -> 0
B14: =VLOOKUP(A14,'اسم الموظف'!A:B,2,FALSE) -> #N/A | D14: =C14*0.5 -> 0 | F14: =C14*0.75 -> 0 | L14: =C14*0.05 -> 0 | O14: =J14+L14+M14 -> 0 | Q14: =C14+I14-O14 -> 0
B15: =VLOOKUP(A15,'اسم الموظف'!A:B,2,FALSE) -> #N/A | D15: =C15*0.5 -> 0 | F15: =C15*0.75 -> 0 | L15: =C15*0.05 -> 0 | O15: =J15+L15+M15 -> 0 | Q15: =C15+I15-O15 -> 0
B16: =VLOOKUP(A16,'اسم الموظف'!A:B,2,FALSE) -> #N/A | D16: =C16*0.5 -> 0 | L16: =C16*0.05 -> 0 | O16: =J16+L16+M16 -> 0 | Q16: =C16+I16-O16 -> 0
B17: =VLOOKUP(A17,'اسم الموظف'!A:B,2,FALSE) -> #N/A | D17: =C17*0.5 -> 0 | L17: =C17*0.05 -> 0 | O17: =J17+L17+M17 -> 0 | Q17: =C17+I17-O17 -> 0
B18: =VLOOKUP(A18,'اسم الموظف'!A:B,2,FALSE) -> #N/A | D18: =C18*0.5 -> 0 | L18: =C18*0.05 -> 0 | O18: =J18+L18+M18 -> 0 | Q18: =C18+I18-O18 -> 0
B19: =VLOOKUP(A19,'اسم الموظف'!A:B,2,FALSE) -> #N/A | D19: =C19*0.5 -> 0 | L19: =C19*0.05 -> 0 | O19: =J19+L19+M19 -> 0 | Q19: =C19+I19-O19 -> 0
B20: =VLOOKUP(A20,'اسم الموظف'!A:B,2,FALSE) -> #N/A | D20: =C20*0.5 -> 0 | L20: =C20*0.05 -> 0 | O20: =J20+L20+M20 -> 0 | Q20: =C20+I20-O20 -> 0
B21: =VLOOKUP(A21,'اسم الموظف'!A:B,2,FALSE) -> #N/A | C21: 500000 | D21: =C21*0.5 -> 250000 | L21: =C21*0.05 -> 25000 | O21: =J21+L21+M21 -> 25000 | Q21: =C21+I21-O21 -> 475000
B22: =VLOOKUP(A22,'اسم الموظف'!A:B,2,FALSE) -> #N/A | D22: =C22*0.5 -> 0 | L22: =C22*0.05 -> 0 | Q22: =C22+I22-O22 -> 0
B23: =VLOOKUP(A23,'اسم الموظف'!A:B,2,FALSE) -> #N/A | D23: =C23*0.5 -> 0 | L23: =C23*0.05 -> 0 | Q23: =C23+I23-O23 -> 0
B24: =VLOOKUP(A24,'اسم الموظف'!A:B,2,FALSE) -> #N/A | D24: =C24*0.5 -> 0 | L24: =C24*0.05 -> 0 | Q24: =C24+I24-O24 -> 0
B25: =VLOOKUP(A25,'اسم الموظف'!A:B,2,FALSE) -> #N/A | D25: =C25*0.5 -> 0 | L25: =C25*0.05 -> 0 | Q25: =C25+I25-O25 -> 0
D26: =C26*0.5 -> 0 | L26: =C26*0.05 -> 0 | Q26: =C26+I26-O26 -> 0
D27: =C27*0.5 -> 0 | L27: =C27*0.05 -> 0 | Q27: =C27+I27-O27 -> 0
D28: =C28*0.5 -> 0 | L28: =C28*0.05 -> 0 | Q28: =C28+I28-O28 -> 0
D29: =C29*0.5 -> 0 | L29: =C29*0.05 -> 0 | Q29: =C29+I29-O29 -> 0
C30: 500000 | D30: =C30*0.5 -> 250000 | L30: =C30*0.05 -> 25000 | Q30: =C30+I30-O30 -> 500000
C31: 500000 | D31: =C31*0.5 -> 250000 | Q31: =C31+I31-O31 -> 500000
C32: 500000 | D32: =C32*0.5 -> 250000 | Q32: =C32+I32-O32 -> 500000
C33: 500000 | D33: =C33*0.5 -> 250000 | Q33: =C33+I33-O33 -> 500000
C34: 500000 | D34: =C34*0.5 -> 250000 | Q34: =C34+I34-O34 -> 500000
C35: 500000 | D35: =C35*0.5 -> 250000

Sheet كودي موضف
C2: رقم | D2: 2
C3: ناو
E4: ئامادة نة بوون
E5: بيمة ي كومة لاية تي
C6: راتب اصاصي | D6: =VLOOKUP(D2,'رواتب موضفين'!A:Q,3,FALSE) -> 500000
C7: شهادة | D7: =VLOOKUP(D2,'رواتب موضفين'!A:Q,4,FALSE) -> 250000 | F7: تامين صحي
C8: نقل | D8: =VLOOKUP(D2,'رواتب موضفين'!A:Q,5,FALSE) -> 0 | F8: سلف و اخري
C9: مة ترسي | D9: =VLOOKUP(D2,'رواتب موضفين'!A:Q,6,FALSE) -> 375000 | F9: مجموع استقتاعات
C10: كاري زيادة | D10: =VLOOKUP(D2,'رواتب موضفين'!A:Q,7,FALSE) -> 0
C11: مجموع مخصصات | F11: راتب مستحق
D12: =VLOOKUP(D2,'رواتب موضفين'!A:Q,10,FALSE) -> 0

Sheet سلف الموظفين
A6: م | B6: AHMAD | D6: م | E6: MAHMUD | G6: م
B7: سلف الموظف | C7: القسط | E7: سلف الموظف | F7: القسط | H7: سلف الموظف | I7: القسط
A8: 1 | D8: 1 | E8: 300000 | F8: 100000 | G8: 1
A9: 2 | D9: 2 | G9: 2
A10: 3 | D10: 3 | G10: 3
A11: 4 | D11: 4 | G11: 4
A12: 5 | D12: 5 | G12: 5
A13: 6 | D13: 6 | G13: 6
A14: 7 | D14: 7 | G14: 7
A15: 8 | D15: 8 | G15: 8
A16: 9 | D16: 9 | G16: 9
A17: 10 | D17: 10 | G17: 10
A18: 11 | D18: 11 | G18: 11
A19: 12 | D19: 12 | G19: 12
A20: الإجمالى | C20: =SUM(C8:C19) -> 0 | D20: الإجمالى | F20: =SUM(F8:F19) -> 100000 | G20: الإجمالى | I20: =SUM(I8:I19) -> 0

Sheet حضور وغياب الموظف
